loan_id,customer_id,loan_type,loan_amount,interest_rate,tenure_year,loan_status
2,1729,Vehicle,0,14,2,Active
7,2230,Home,0,7,5,Defaulted
26,2370,Personal,0,10,4,Paid
31,1851,Education,0,10,1,Defaulted
47,2857,Education,0,8,4,Defaulted
55,1414,Education,0,14,5,Active
58,1541,Education,0,6,2,Defaulted
62,2976,Vehicle,0,0,2,Paid
64,1674,Home,0,13,14,Paid
66,2904,Education,0,7,6,Active
76,2259,Personal,0,12,6,Active
81,0,Personal,0,8,2,Defaulted
84,0,Education,0,15,8,Paid
88,2612,Education,0,5,0,Active
96,2618,Vehicle,0,11,1,Paid
107,1627,Education,0,7,4,Paid
122,1452,Personal,0,8,18,Active
131,2834,Home,0,11,3,Active
142,1106,Vehicle,0,12,3,Active
148,2557,Unknown,0,14,3,Defaulted
149,2834,Education,0,13,5,Unknown
151,1934,Vehicle,0,7,5,Unknown
153,2461,Vehicle,0,10,3,Unknown
185,1482,Education,0,12,3,Defaulted
187,1337,Education,0,6,8,Defaulted
216,1511,Education,0,6,9,Active
227,1062,Personal,0,7,16,Paid
257,2372,Vehicle,0,12,2,Defaulted
259,2011,Education,0,12,2,Paid
286,2014,Vehicle,0,13,5,Unknown
304,2588,Education,0,9,5,Defaulted
318,1745,Personal,0,12,7,Active
322,1309,Unknown,0,11,12,Paid
330,1055,Home,0,7,0,Defaulted
331,2979,Home,0,8,17,Defaulted
337,2428,Vehicle,0,0,3,Defaulted
340,1885,Vehicle,0,6,5,Paid
341,1868,Education,0,8,2,Paid
343,2423,Personal,0,9,20,Paid
355,2900,Education,0,9,1,Unknown
397,1055,Vehicle,0,15,0,Defaulted
400,2971,Home,0,15,1,Paid
423,1997,Education,0,5,6,Defaulted
460,2730,Education,0,14,2,Paid
464,2557,Education,0,5,6,Active
482,2723,Vehicle,0,10,4,Active
488,1870,Personal,0,14,12,Active
521,0,Vehicle,0,10,5,Defaulted
532,0,Unknown,0,13,0,Active
564,1913,Vehicle,0,14,1,Paid
577,1754,Vehicle,0,13,3,Active
611,1824,Home,0,14,6,Defaulted
643,2884,Personal,0,0,20,Active
644,1056,Home,0,12,14,Defaulted
658,1896,Personal,0,14,11,Defaulted
663,2475,Education,0,8,9,Paid
675,2608,Personal,0,14,20,Unknown
676,0,Education,0,5,3,Paid
686,1047,Home,0,7,3,Paid
690,2314,Home,0,6,4,Defaulted
696,1780,Personal,0,11,7,Active
724,2083,Personal,0,6,16,Defaulted
728,1209,Home,0,7,8,Active
745,1297,Home,0,14,2,Defaulted
749,1202,Personal,0,12,9,Defaulted
758,1870,Personal,0,0,5,Paid
762,1734,Home,0,14,18,Paid
764,2714,Unknown,0,15,1,Defaulted
786,2505,Personal,0,15,3,Unknown
787,1526,Personal,0,11,20,Defaulted
790,1318,Education,0,5,8,Paid
796,2530,Unknown,0,5,12,Active
818,1312,Personal,0,13,11,Defaulted
824,0,Vehicle,0,12,1,Defaulted
838,2481,Personal,0,14,11,Unknown
841,1939,Education,0,5,8,Defaulted
849,2934,Education,0,8,7,Paid
858,1975,Unknown,0,8,4,Defaulted
863,1640,Education,0,10,10,Unknown
867,2504,Home,0,6,13,Active
908,1738,Personal,0,15,12,Active
912,0,Home,0,15,11,Paid
942,0,Vehicle,0,7,2,Active
952,2284,Personal,0,10,18,Defaulted
959,1638,Home,0,13,4,Unknown
972,1667,Home,0,0,13,Unknown
982,2494,Personal,0,10,0,Defaulted
986,1577,Unknown,0,13,17,Paid
988,1434,Unknown,0,6,1,Active
1017,2377,Education,0,9,0,Active
1018,1949,Education,0,0,9,Paid
1019,1047,Education,0,5,1,Unknown
1050,1652,Vehicle,0,5,3,Active
1100,1569,Education,0,12,6,Defaulted
1102,2932,Vehicle,0,9,1,Unknown
1104,1324,Home,0,7,20,Paid
1105,1073,Personal,0,13,2,Unknown
1106,1490,Home,0,5,20,Active
1108,0,Home,0,6,3,Active
1123,1076,Home,0,0,6,Paid
1133,1668,Unknown,0,5,2,Active
1147,2377,Personal,0,8,15,Defaulted
1148,1196,Home,0,9,19,Active
1160,1919,Vehicle,0,6,5,Defaulted
1178,1851,Unknown,0,10,3,Active
1196,2664,Vehicle,0,14,4,Defaulted
1198,1513,Personal,0,14,8,Defaulted
12,2019,Unknown,717866,9,5,Paid
92,2302,Unknown,194492,15,5,Active
98,2094,Unknown,2949741,6,0,Defaulted
197,2956,Unknown,1244881,15,15,Active
207,1373,Unknown,2140856,10,4,Defaulted
222,1058,Unknown,67089,14,4,Paid
230,1868,Unknown,3963468,7,8,Active
268,1344,Unknown,4129206,12,1,Paid
270,1943,Unknown,3587318,10,10,Paid
300,2752,Unknown,1973801,11,0,Defaulted
336,2389,Unknown,2008254,9,1,Paid
359,1462,Unknown,358420,8,0,Paid
417,1845,Unknown,3108475,8,12,Paid
427,2834,Unknown,2798491,6,9,Defaulted
453,1699,Unknown,2756069,5,14,Active
459,1035,Unknown,4347995,15,10,Paid
467,1654,Unknown,3826397,6,8,Defaulted
520,1206,Unknown,3066822,13,2,Active
524,2620,Unknown,3316254,12,11,Defaulted
526,2818,Unknown,3659102,9,5,Active
563,1037,Unknown,932190,10,2,Active
583,1190,Unknown,1701574,7,9,Active
587,1022,Unknown,3394091,11,4,Paid
593,2373,Unknown,1587340,11,5,Defaulted
598,2415,Unknown,199477,6,7,Defaulted
628,1188,Unknown,2951644,11,11,Active
647,1436,Unknown,2968299,5,14,Paid
649,2795,Unknown,3882748,9,0,Active
660,1755,Unknown,1272054,6,6,Unknown
680,1295,Unknown,1703089,15,9,Paid
687,2264,Unknown,3557312,13,9,Paid
688,1900,Unknown,4438674,12,13,Active
704,2940,Unknown,4328539,15,2,Defaulted
711,2685,Unknown,4404755,0,9,Paid
716,2484,Unknown,1237668,7,15,Unknown
732,1768,Unknown,1459691,8,0,Active
751,1867,Unknown,999152,11,3,Paid
755,2414,Unknown,3860857,12,19,Active
767,1064,Unknown,2569296,12,4,Paid
775,1762,Unknown,2360379,11,8,Active
782,2242,Unknown,4025687,15,11,Active
805,1670,Unknown,4017207,0,12,Paid
821,1180,Unknown,4446727,7,2,Unknown
835,1144,Unknown,4743774,12,11,Active
843,1358,Unknown,325211,10,4,Paid
847,2557,Unknown,553207,15,12,Active
864,2487,Unknown,1769283,7,5,Paid
898,2781,Unknown,2958905,12,12,Active
914,1919,Unknown,4445055,14,2,Paid
931,2566,Unknown,2536524,12,14,Defaulted
938,2889,Unknown,922156,7,11,Paid
966,1107,Unknown,1533727,0,20,Paid
991,2392,Unknown,2131158,5,16,Paid
995,2807,Unknown,2257530,15,5,Paid
996,1419,Unknown,3804526,5,1,Active
1009,2027,Unknown,4882572,11,7,Paid
1020,1251,Unknown,3886089,12,4,Active
1042,1393,Unknown,2563073,5,1,Active
1064,1215,Unknown,4389588,6,3,Paid
1072,1661,Unknown,1668546,5,0,Paid
1076,1378,Unknown,264821,5,5,Paid
1089,2755,Unknown,2287323,14,5,Paid
1128,2861,Unknown,1061529,15,12,Unknown
1134,1964,Unknown,4255565,7,2,Defaulted
1150,1516,Unknown,1297350,14,7,Defaulted
1183,2499,Unknown,4443635,9,1,Active
21,2203,Home,2212231,10,0,Defaulted
28,2104,Home,4409903,6,6,Defaulted
53,2403,Home,1952168,14,8,Defaulted
70,1634,Home,1320928,13,4,Active
71,2602,Home,4655653,12,1,Defaulted
74,2147,Home,3295461,10,20,Defaulted
79,2547,Home,1979007,11,17,Defaulted
83,2505,Home,2173573,9,11,Defaulted
85,1613,Home,483894,6,12,Defaulted
86,1229,Home,1472813,6,11,Defaulted
100,1577,Home,779304,13,3,Active
110,2582,Home,3709993,11,19,Unknown
127,1266,Home,1190143,6,6,Active
138,1529,Home,998743,15,8,Defaulted
152,2496,Home,2858031,10,20,Unknown
162,1194,Home,1953867,8,10,Defaulted
169,2368,Home,4622346,13,10,Defaulted
171,2045,Home,239095,0,12,Active
176,2363,Home,2341723,14,20,Active
191,2914,Home,3068144,12,20,Defaulted
203,1478,Home,2249651,14,0,Unknown
214,1397,Home,549769,7,13,Defaulted
219,1774,Home,3945855,13,10,Defaulted
238,2497,Home,609823,10,10,Active
242,1381,Home,107364,5,12,Unknown
244,1953,Home,2354497,5,11,Active
261,2703,Home,4171314,13,19,Defaulted
266,1766,Home,549588,8,7,Defaulted
272,1115,Home,4365557,7,5,Defaulted
278,2373,Home,2458562,12,4,Defaulted
287,2149,Home,1664665,6,18,Defaulted
291,2402,Home,2299533,7,4,Defaulted
296,2968,Home,798047,11,9,Unknown
323,1710,Home,2474262,8,13,Active
349,1187,Home,2778809,6,11,Defaulted
350,1457,Home,4753013,14,7,Active
361,2400,Home,3386952,9,12,Active
362,1996,Home,3841672,8,15,Defaulted
363,1255,Home,682639,7,13,Active
367,2871,Home,3637849,14,0,Defaulted
373,2528,Home,1221505,8,14,Defaulted
389,1209,Home,4283560,0,15,Active
390,1137,Home,4142694,12,4,Unknown
404,2259,Home,3642459,5,14,Active
419,1853,Home,1137210,5,18,Defaulted
421,1209,Home,3108979,14,9,Active
428,1051,Home,2511704,8,15,Active
429,2025,Home,497242,14,5,Defaulted
430,1716,Home,1840822,7,11,Active
432,1665,Home,1970281,14,16,Active
435,1561,Home,234576,7,0,Unknown
444,2345,Home,2706859,10,13,Active
450,1565,Home,2115054,15,20,Active
451,2845,Home,1576636,15,7,Active
480,1580,Home,990949,5,17,Defaulted
485,1783,Home,58498,14,3,Defaulted
492,2804,Home,3851802,10,19,Active
509,2182,Home,2051756,12,3,Defaulted
549,2250,Home,4187849,0,10,Active
554,2663,Home,722665,12,16,Unknown
560,2290,Home,1290260,6,1,Active
562,2050,Home,1152581,8,3,Defaulted
566,2985,Home,3992099,10,19,Active
601,2029,Home,4934802,11,19,Unknown
606,2314,Home,4833919,7,11,Unknown
610,1205,Home,2100695,8,9,Active
615,2118,Home,315294,5,7,Unknown
632,1716,Home,748897,13,14,Defaulted
642,1789,Home,2496040,14,0,Unknown
646,1182,Home,4730643,9,4,Active
650,1638,Home,920175,6,8,Defaulted
672,1504,Home,3735238,15,7,Defaulted
673,2512,Home,837343,11,4,Defaulted
678,1814,Home,3477781,13,7,Active
683,1854,Home,613553,14,12,Active
684,2590,Home,3399456,5,0,Unknown
689,1271,Home,1205635,15,6,Defaulted
692,2368,Home,976559,11,16,Active
701,1222,Home,1425191,9,19,Active
706,2184,Home,785501,15,4,Defaulted
723,2468,Home,4002549,5,8,Unknown
734,2170,Home,1711645,8,6,Active
740,1770,Home,3934361,13,1,Unknown
760,1126,Home,2474525,11,5,Unknown
770,2681,Home,4433639,5,11,Unknown
791,2142,Home,3491884,12,19,Active
803,2427,Home,4172785,13,1,Active
808,2016,Home,3731737,11,8,Defaulted
820,2930,Home,1215966,0,14,Defaulted
826,1196,Home,1831866,8,11,Defaulted
853,1317,Home,3934478,0,10,Active
878,2921,Home,127962,7,18,Defaulted
892,2946,Home,1986256,6,9,Defaulted
896,2403,Home,411582,15,12,Unknown
899,1313,Home,1852248,13,11,Active
906,1576,Home,2032259,0,17,Defaulted
911,1340,Home,1051560,5,10,Defaulted
921,1886,Home,2455028,14,1,Active
923,2530,Home,117042,6,9,Defaulted
934,1740,Home,1531322,6,1,Active
937,1371,Home,2965136,13,20,Defaulted
939,2197,Home,4680806,8,1,Active
946,2310,Home,1435750,5,15,Unknown
958,1167,Home,2814483,10,17,Active
962,1910,Home,4407708,13,15,Active
963,1384,Home,3396707,14,14,Defaulted
965,1547,Home,3772134,14,13,Active
981,1538,Home,1869866,15,0,Defaulted
983,2192,Home,2514398,14,0,Defaulted
984,1871,Home,279827,13,6,Defaulted
1001,1195,Home,1231909,10,2,Defaulted
1005,1837,Home,1439107,10,17,Active
1022,2824,Home,149913,10,15,Active
1024,1490,Home,3971647,12,18,Defaulted
1033,2983,Home,3775903,15,15,Defaulted
1034,2625,Home,2223750,14,12,Active
1060,1791,Home,1243377,13,16,Active
1069,1685,Home,757813,8,10,Active
1083,2460,Home,4913144,8,13,Defaulted
1084,2615,Home,422656,14,7,Defaulted
1088,1528,Home,231099,7,14,Active
1093,1619,Home,993701,5,16,Active
1130,1926,Home,4609067,7,14,Defaulted
1157,2200,Home,2276242,8,15,Unknown
1165,2106,Home,4369081,10,2,Active
5,2317,Home,3227157,14,4,Paid
15,2626,Home,1495506,9,16,Paid
29,2186,Home,4741317,11,8,Paid
59,1195,Home,422194,12,2,Paid
105,1067,Home,2645602,7,16,Paid
112,2243,Home,3049776,6,3,Paid
119,1989,Home,4819817,9,14,Paid
198,1811,Home,3231330,11,20,Paid
221,1934,Home,3153999,6,14,Paid
228,2262,Home,3687252,12,17,Paid
241,1620,Home,1328910,11,20,Paid
293,2668,Home,265385,15,8,Paid
294,1310,Home,1572867,5,16,Paid
328,2638,Home,2314526,15,6,Paid
332,2060,Home,4350268,11,3,Paid
338,1422,Home,1146341,5,4,Paid
356,1061,Home,3304558,13,15,Paid
357,1847,Home,2298748,9,20,Paid
385,1234,Home,3450652,8,4,Paid
416,2321,Home,2916854,15,17,Paid
452,1539,Home,2623137,10,14,Paid
465,1364,Home,63617,6,16,Paid
473,1890,Home,4345663,12,16,Paid
478,1559,Home,2492178,7,6,Paid
493,2420,Home,3132152,7,7,Paid
527,1314,Home,4192026,9,1,Paid
535,1738,Home,4497850,8,12,Paid
542,1265,Home,655400,6,2,Paid
543,2304,Home,4179456,6,12,Paid
545,1343,Home,2239098,0,2,Paid
603,1555,Home,4670201,5,14,Paid
619,2968,Home,4435943,0,2,Paid
659,1093,Home,3401481,9,13,Paid
714,1552,Home,2117645,12,1,Paid
722,1216,Home,1949873,8,17,Paid
729,2431,Home,4918496,14,8,Paid
737,2704,Home,2566200,13,0,Paid
739,2851,Home,1798152,8,19,Paid
810,1473,Home,3224649,14,14,Paid
815,1104,Home,4914765,0,1,Paid
817,2422,Home,3284949,10,6,Paid
837,2160,Home,457834,10,5,Paid
848,1090,Home,2718180,14,16,Paid
856,1196,Home,364109,7,15,Paid
875,1336,Home,654676,0,15,Paid
877,1795,Home,3777194,8,9,Paid
902,1275,Home,3841257,8,14,Paid
922,1023,Home,715588,9,0,Paid
940,1127,Home,4495554,9,5,Paid
957,2339,Home,3853061,0,0,Paid
970,2602,Home,589142,12,1,Paid
977,1736,Home,2093040,9,6,Paid
1004,2011,Home,1005982,8,18,Paid
1036,1782,Home,1684426,14,11,Paid
1051,2902,Home,820959,13,3,Paid
1058,1526,Home,1839961,8,18,Paid
1068,1370,Home,1480545,7,5,Paid
1070,1664,Home,3640918,11,3,Paid
1097,2695,Home,1353100,15,13,Paid
1113,2572,Home,3866123,11,16,Paid
1146,1725,Home,362396,0,19,Paid
1166,2067,Home,3100209,10,0,Paid
1171,1509,Home,2664462,0,6,Paid
1191,2967,Home,2596627,7,4,Paid
16,1472,Personal,4454013,10,4,Active
20,2533,Personal,2168009,9,8,Unknown
40,2805,Personal,90022,15,1,Active
41,1248,Personal,4856580,13,19,Active
46,1337,Personal,3084447,8,12,Active
56,1140,Personal,748978,7,7,Active
94,2907,Personal,4987598,15,15,Unknown
95,2752,Personal,3384740,12,4,Active
101,2641,Personal,960347,15,6,Defaulted
108,1192,Personal,3102511,7,15,Defaulted
114,1479,Personal,1185427,6,7,Active
115,2411,Personal,2210920,7,19,Active
136,2857,Personal,707612,8,2,Defaulted
139,1284,Personal,521267,11,2,Active
143,1760,Personal,1747092,8,5,Active
157,1947,Personal,1650479,0,0,Defaulted
164,2267,Personal,3712937,13,0,Active
167,1377,Personal,1642294,9,5,Active
170,2675,Personal,4388039,8,15,Defaulted
190,2330,Personal,470069,14,2,Defaulted
210,1678,Personal,4748463,13,4,Defaulted
213,1631,Personal,4845895,13,15,Defaulted
243,1292,Personal,514433,8,0,Active
247,2503,Personal,3889420,5,11,Active
250,2005,Personal,85668,9,11,Defaulted
263,2403,Personal,4169827,6,8,Defaulted
280,2780,Personal,4047595,0,12,Active
285,2615,Personal,2923046,9,14,Defaulted
290,2831,Personal,3671801,10,18,Active
303,1566,Personal,2497440,11,16,Active
309,2190,Personal,412008,12,11,Active
317,2999,Personal,3322246,5,2,Defaulted
319,1749,Personal,2260722,14,6,Active
324,2225,Personal,3722456,9,12,Active
333,1316,Personal,3466650,5,4,Defaulted
335,1859,Personal,4440680,7,2,Active
354,1595,Personal,2632689,6,5,Active
358,2868,Personal,3695978,5,18,Defaulted
375,2967,Personal,2978429,6,13,Defaulted
382,2950,Personal,2874512,7,17,Active
392,2916,Personal,4234022,7,9,Active
399,1884,Personal,2812673,6,16,Active
408,1092,Personal,3833597,8,13,Defaulted
412,1411,Personal,3024102,13,7,Defaulted
418,1757,Personal,1269867,0,15,Active
431,1716,Personal,3207453,13,9,Active
433,2444,Personal,2922817,7,10,Unknown
434,1764,Personal,2249312,10,6,Active
440,1481,Personal,3496995,12,1,Unknown
443,2121,Personal,1316942,10,0,Defaulted
449,2256,Personal,3839713,11,16,Defaulted
468,1168,Personal,2103796,5,6,Defaulted
497,2400,Personal,1068893,13,15,Active
498,1181,Personal,3340403,9,8,Defaulted
499,2464,Personal,1633642,14,0,Defaulted
500,1254,Personal,330098,11,1,Unknown
502,2282,Personal,3889647,12,14,Defaulted
504,1274,Personal,3640612,8,18,Unknown
515,2803,Personal,4406331,11,8,Defaulted
517,1490,Personal,2408827,11,8,Active
518,1137,Personal,4061042,5,2,Defaulted
539,2669,Personal,206978,15,20,Active
552,1807,Personal,689717,0,12,Defaulted
576,2310,Personal,858823,13,9,Unknown
582,2117,Personal,1037404,6,11,Defaulted
588,2409,Personal,3772453,13,1,Defaulted
605,1221,Personal,4415622,5,10,Active
607,1439,Personal,2527869,0,0,Defaulted
608,2536,Personal,1467448,0,3,Defaulted
617,1333,Personal,3312520,14,4,Defaulted
625,1483,Personal,2720693,14,4,Active
627,2264,Personal,3365945,15,18,Unknown
638,1337,Personal,416468,7,7,Defaulted
651,1215,Personal,4669817,6,1,Active
653,1569,Personal,960003,9,14,Defaulted
656,1132,Personal,4594961,8,19,Defaulted
731,2984,Personal,3893853,9,16,Unknown
735,1178,Personal,3197009,14,19,Active
741,2355,Personal,78026,10,9,Active
747,2723,Personal,4666094,10,11,Active
748,2006,Personal,4836423,14,14,Active
757,2875,Personal,2491772,15,9,Defaulted
763,2034,Personal,242764,0,12,Active
766,1271,Personal,2927232,15,19,Defaulted
768,2656,Personal,1028914,0,13,Defaulted
769,1007,Personal,150272,14,18,Unknown
771,1917,Personal,4453063,10,1,Defaulted
777,2403,Personal,666171,14,20,Unknown
778,1806,Personal,1347555,10,4,Active
788,2832,Personal,2955745,12,10,Defaulted
795,2448,Personal,3200481,9,6,Defaulted
801,1053,Personal,1961598,7,6,Active
809,1453,Personal,4046185,13,14,Defaulted
814,2993,Personal,4567259,11,10,Active
830,2504,Personal,1470270,13,8,Defaulted
832,1016,Personal,1209592,9,20,Defaulted
842,1180,Personal,599263,12,15,Defaulted
859,1707,Personal,1681249,5,11,Defaulted
870,1663,Personal,4712338,7,13,Active
880,1335,Personal,2270952,6,11,Active
897,2106,Personal,4203778,14,13,Defaulted
917,2253,Personal,359250,6,1,Defaulted
926,1346,Personal,1686702,7,14,Unknown
928,2345,Personal,2006387,12,3,Defaulted
948,1894,Personal,3424304,0,1,Defaulted
953,2102,Personal,2822067,13,8,Defaulted
961,2440,Personal,3994363,14,14,Defaulted
979,2712,Personal,594941,15,9,Active
1006,2911,Personal,118868,0,1,Defaulted
1008,1780,Personal,1739259,10,7,Defaulted
1012,1559,Personal,1405553,15,8,Unknown
1037,2322,Personal,3906092,5,1,Active
1039,1028,Personal,855065,10,9,Active
1045,1330,Personal,2290755,11,13,Active
1057,2982,Personal,1664255,6,7,Defaulted
1075,2985,Personal,2046494,8,15,Defaulted
1077,1876,Personal,1357379,13,4,Active
1087,2023,Personal,2160709,13,12,Active
1090,1255,Personal,4641513,9,18,Defaulted
1095,2998,Personal,60420,13,5,Defaulted
1110,2382,Personal,3862776,10,14,Defaulted
1114,1387,Personal,1318347,12,17,Defaulted
1121,2927,Personal,1597309,8,10,Active
1126,2727,Personal,2438047,11,15,Defaulted
1138,2812,Personal,2993969,8,0,Unknown
1141,1760,Personal,2337308,13,1,Defaulted
1149,1674,Personal,3832679,8,12,Unknown
1159,2460,Personal,3068066,13,14,Unknown
1179,1534,Personal,3433564,7,1,Unknown
1195,1778,Personal,3277626,8,14,Defaulted
1197,1854,Personal,236615,6,13,Active
6,2829,Personal,3873639,5,11,Paid
18,1219,Personal,1819336,9,19,Paid
19,2527,Personal,2371527,8,6,Paid
23,2897,Personal,482585,10,12,Paid
36,1527,Personal,880863,15,14,Paid
57,2900,Personal,2137664,15,9,Paid
68,2260,Personal,2383173,7,17,Paid
78,1480,Personal,1680562,8,10,Paid
130,1642,Personal,3725140,15,11,Paid
150,1452,Personal,4717174,5,7,Paid
158,1796,Personal,4993688,7,9,Paid
173,1169,Personal,2493207,15,3,Paid
181,2743,Personal,4731256,0,14,Paid
193,1141,Personal,562175,14,19,Paid
195,1701,Personal,628457,15,19,Paid
196,1178,Personal,605421,8,12,Paid
199,2815,Personal,4100769,10,14,Paid
218,2323,Personal,1277852,13,0,Paid
226,2068,Personal,2462980,6,2,Paid
237,1027,Personal,1791879,13,10,Paid
240,2362,Personal,4747711,12,16,Paid
264,1759,Personal,3362591,11,4,Paid
305,2237,Personal,1137857,14,10,Paid
306,1332,Personal,2334037,5,14,Paid
348,1746,Personal,786556,13,0,Paid
368,2530,Personal,3495692,15,18,Paid
388,2842,Personal,3308429,9,7,Paid
406,2973,Personal,1674849,14,17,Paid
424,2773,Personal,711033,6,8,Paid
425,1323,Personal,3689280,14,19,Paid
454,2206,Personal,4830364,14,18,Paid
456,2891,Personal,4410435,6,3,Paid
476,2710,Personal,838295,9,10,Paid
481,1910,Personal,3827382,6,9,Paid
536,1595,Personal,3142997,9,8,Paid
548,2134,Personal,144668,12,0,Paid
553,1254,Personal,4099090,13,2,Paid
569,1825,Personal,3334634,5,18,Paid
600,1312,Personal,2754160,8,0,Paid
634,1468,Personal,612056,12,9,Paid
637,2942,Personal,215698,9,19,Paid
639,2217,Personal,3227263,12,0,Paid
641,2753,Personal,560850,10,13,Paid
655,2634,Personal,267833,8,1,Paid
677,1144,Personal,2318691,11,12,Paid
705,1970,Personal,2029855,0,17,Paid
713,2952,Personal,2502559,6,14,Paid
727,2363,Personal,1370677,15,5,Paid
793,2730,Personal,2420609,0,5,Paid
799,1471,Personal,294787,13,12,Paid
819,2534,Personal,350810,10,12,Paid
831,1559,Personal,1528095,5,3,Paid
862,1391,Personal,3598394,5,16,Paid
872,1718,Personal,1984946,14,0,Paid
884,1649,Personal,1422649,5,3,Paid
888,2743,Personal,1536025,12,9,Paid
913,1034,Personal,3509971,7,0,Paid
949,1560,Personal,1985425,5,0,Paid
973,1257,Personal,686903,10,17,Paid
997,1295,Personal,2933600,14,0,Paid
1015,1497,Personal,3933498,15,3,Paid
1052,1818,Personal,3441417,7,15,Paid
1062,2826,Personal,264833,7,0,Paid
1107,2592,Personal,1871445,9,15,Paid
1118,2485,Personal,3412349,9,16,Paid
1120,2832,Personal,2261915,13,2,Paid
1127,2213,Personal,2836597,0,13,Paid
1145,2568,Personal,3788371,10,6,Paid
1200,2475,Personal,957189,14,2,Paid
10,1107,Vehicle,4505984,6,4,Paid
0,2326,Vehicle,4160429,9,1,Paid
13,1358,Vehicle,1113182,13,1,Active
17,1150,Vehicle,3195765,10,1,Defaulted
24,1029,Vehicle,3351135,8,3,Paid
25,2497,Vehicle,992556,12,5,Defaulted
33,2103,Vehicle,1392356,5,3,Active
38,1650,Vehicle,358384,8,1,Defaulted
44,2182,Vehicle,3711760,0,2,Paid
45,1621,Vehicle,2034728,0,5,Defaulted
48,2684,Vehicle,362359,15,3,Defaulted
51,2431,Vehicle,1211084,7,4,Defaulted
61,2832,Vehicle,3168009,10,5,Active
65,1660,Vehicle,3760388,9,2,Paid
73,2301,Vehicle,2206553,15,0,Paid
80,1962,Vehicle,3103870,7,1,Active
89,1601,Vehicle,4048246,13,3,Defaulted
102,1793,Vehicle,3189115,8,4,Active
113,1404,Vehicle,4981076,13,2,Active
116,1551,Vehicle,520342,7,1,Paid
118,2693,Vehicle,3334226,13,2,Paid
120,1060,Vehicle,110231,9,1,Active
121,2152,Vehicle,126421,14,4,Active
124,2879,Vehicle,1133432,7,3,Defaulted
125,1478,Vehicle,2616250,10,1,Active
132,1978,Vehicle,3316008,5,3,Defaulted
135,2448,Vehicle,4007119,12,5,Paid
137,2317,Vehicle,1040365,8,5,Unknown
144,2068,Vehicle,3402725,15,4,Unknown
156,1140,Vehicle,1604041,14,3,Unknown
159,1308,Vehicle,1518725,9,1,Active
160,1954,Vehicle,1330111,5,2,Defaulted
166,2188,Vehicle,959625,5,2,Unknown
175,2220,Vehicle,4990041,9,2,Paid
180,1574,Vehicle,2159509,8,5,Active
188,2102,Vehicle,2511705,8,2,Active
201,2595,Vehicle,3647568,15,3,Defaulted
202,2628,Vehicle,2209686,11,5,Active
208,2628,Vehicle,2056262,6,3,Unknown
209,2219,Vehicle,3253028,8,5,Active
211,2619,Vehicle,3269561,0,3,Unknown
223,1234,Vehicle,1695113,15,4,Active
229,2724,Vehicle,4145867,11,5,Active
235,2439,Vehicle,1380679,6,5,Paid
239,1683,Vehicle,1174460,11,3,Defaulted
248,1308,Vehicle,4320545,12,5,Defaulted
254,1133,Vehicle,2920277,11,0,Defaulted
255,1212,Vehicle,868744,15,1,Active
258,2855,Vehicle,174461,11,2,Unknown
260,1658,Vehicle,4696180,9,2,Paid
262,1525,Vehicle,3925653,13,0,Paid
265,2896,Vehicle,2485139,13,5,Paid
273,1255,Vehicle,546678,13,0,Defaulted
282,1900,Vehicle,4142402,13,2,Paid
283,2381,Vehicle,3508896,6,1,Defaulted
284,1706,Vehicle,464580,0,3,Defaulted
295,2877,Vehicle,3348291,9,3,Defaulted
325,1337,Vehicle,2185653,8,3,Active
329,1749,Vehicle,3896626,10,2,Active
334,2078,Vehicle,624199,12,0,Defaulted
342,2183,Vehicle,4312316,8,1,Active
344,2964,Vehicle,2788266,5,4,Paid
347,1590,Vehicle,3875212,9,1,Paid
351,2684,Vehicle,379220,8,2,Paid
360,2931,Vehicle,140700,13,0,Paid
364,2425,Vehicle,4953418,10,5,Defaulted
366,2091,Vehicle,3662938,10,3,Defaulted
369,1700,Vehicle,1523890,6,1,Defaulted
371,1199,Vehicle,2686427,6,2,Active
372,1671,Vehicle,3080929,15,5,Defaulted
377,2416,Vehicle,4187048,8,0,Defaulted
383,2758,Vehicle,457786,8,0,Active
398,1536,Vehicle,1114224,10,0,Active
410,2181,Vehicle,485675,5,4,Defaulted
411,2313,Vehicle,2519931,5,3,Active
413,2262,Vehicle,4561717,7,1,Defaulted
414,1959,Vehicle,3228592,6,1,Unknown
415,2423,Vehicle,656290,8,5,Active
422,2491,Vehicle,3532223,15,1,Paid
426,2554,Vehicle,3112144,8,5,Paid
445,2651,Vehicle,1211185,13,4,Active
446,1440,Vehicle,1056323,8,3,Defaulted
447,1117,Vehicle,3779763,8,2,Active
461,1618,Vehicle,4590290,5,2,Paid
486,1303,Vehicle,4779583,5,1,Defaulted
487,1329,Vehicle,1545574,13,0,Paid
501,1226,Vehicle,3393623,8,3,Active
503,2712,Vehicle,1841363,13,5,Defaulted
514,1035,Vehicle,386960,15,4,Active
516,1829,Vehicle,2669817,6,1,Paid
529,2168,Vehicle,1938261,14,2,Active
530,2579,Vehicle,1674375,11,2,Defaulted
531,1489,Vehicle,105664,13,1,Paid
537,2493,Vehicle,4187183,5,1,Defaulted
540,2123,Vehicle,2843732,11,5,Defaulted
541,2998,Vehicle,3303761,5,3,Paid
547,1286,Vehicle,1082335,0,5,Defaulted
559,2539,Vehicle,1570147,15,3,Defaulted
561,1674,Vehicle,1156138,6,5,Defaulted
565,1363,Vehicle,1218388,13,5,Paid
571,2809,Vehicle,2377550,7,1,Defaulted
575,1503,Vehicle,1894711,12,1,Defaulted
579,2929,Vehicle,3065151,15,4,Active
589,2687,Vehicle,1511600,12,5,Defaulted
590,2637,Vehicle,4535600,12,3,Defaulted
597,1433,Vehicle,2717112,7,1,Defaulted
599,2479,Vehicle,787116,15,4,Paid
602,2609,Vehicle,1283216,11,5,Defaulted
604,2186,Vehicle,4647029,11,2,Active
609,2793,Vehicle,1128649,12,3,Active
612,2474,Vehicle,4231666,6,5,Active
614,2215,Vehicle,2735764,15,0,Defaulted
616,2895,Vehicle,2374769,10,1,Defaulted
622,2229,Vehicle,4177176,12,3,Active
630,2841,Vehicle,4981341,13,4,Active
652,1414,Vehicle,4861976,9,2,Defaulted
657,1318,Vehicle,132267,10,3,Paid
661,2043,Vehicle,3755774,6,4,Paid
664,2557,Vehicle,4478110,9,2,Unknown
674,1449,Vehicle,2025908,5,3,Active
679,1485,Vehicle,4481375,15,1,Active
681,2764,Vehicle,4362487,15,2,Paid
709,1351,Vehicle,1142008,12,4,Defaulted
710,1102,Vehicle,980229,11,5,Paid
719,2702,Vehicle,280404,8,0,Defaulted
720,2631,Vehicle,4255650,12,5,Paid
725,1568,Vehicle,4685206,10,1,Active
743,2542,Vehicle,1778186,14,4,Defaulted
756,1057,Vehicle,2798923,14,4,Paid
759,1778,Vehicle,364742,11,1,Defaulted
765,1663,Vehicle,1982498,6,5,Paid
776,2137,Vehicle,4857463,15,2,Unknown
781,1576,Vehicle,3823623,9,2,Active
785,1374,Vehicle,1380708,0,5,Defaulted
789,2459,Vehicle,3832643,9,2,Unknown
792,1746,Vehicle,4838979,12,2,Paid
800,1278,Vehicle,4688633,7,3,Defaulted
804,2389,Vehicle,476681,0,5,Paid
811,2290,Vehicle,2617600,9,1,Unknown
812,2865,Vehicle,1027852,5,2,Defaulted
822,2928,Vehicle,3667772,14,1,Active
827,2964,Vehicle,1590521,8,3,Defaulted
839,2866,Vehicle,1254173,8,1,Paid
846,1385,Vehicle,4493824,0,3,Active
855,2728,Vehicle,4754296,15,3,Paid
857,2897,Vehicle,157242,8,2,Paid
861,1410,Vehicle,3548876,12,3,Defaulted
868,2556,Vehicle,4399834,9,3,Active
881,2094,Vehicle,3980061,0,5,Defaulted
886,1422,Vehicle,318465,5,3,Active
889,2462,Vehicle,3111781,0,0,Active
890,2209,Vehicle,3036401,6,2,Paid
894,1036,Vehicle,1261156,8,2,Paid
900,1653,Vehicle,184618,11,2,Active
903,2067,Vehicle,3456378,13,5,Active
905,2900,Vehicle,75380,9,2,Active
907,2701,Vehicle,2402651,7,5,Active
916,2583,Vehicle,1561641,6,5,Paid
925,2445,Vehicle,4576543,11,2,Paid
929,2013,Vehicle,1067175,15,3,Paid
930,2584,Vehicle,732336,7,2,Active
935,1236,Vehicle,1319340,11,3,Paid
943,2452,Vehicle,437190,10,3,Active
944,2997,Vehicle,4262082,6,5,Unknown
956,1089,Vehicle,256047,6,2,Defaulted
960,2788,Vehicle,2154922,6,1,Paid
964,2451,Vehicle,674587,7,3,Paid
968,1992,Vehicle,1631619,10,4,Active
971,1114,Vehicle,2120331,0,5,Defaulted
975,1801,Vehicle,3390186,9,4,Paid
993,2280,Vehicle,3655166,10,4,Active
994,2648,Vehicle,2111366,6,4,Defaulted
1000,1245,Vehicle,1499022,8,1,Paid
1011,1549,Vehicle,4556218,13,2,Unknown
1013,2656,Vehicle,3122865,0,5,Defaulted
1016,2458,Vehicle,4749794,12,1,Defaulted
1035,1449,Vehicle,4482875,9,3,Defaulted
1040,2180,Vehicle,2552179,0,4,Paid
1041,1826,Vehicle,1648689,5,0,Defaulted
1043,1680,Vehicle,606779,9,1,Paid
1055,1917,Vehicle,3449410,13,1,Defaulted
1066,1287,Vehicle,1337822,12,4,Active
1080,1438,Vehicle,4563868,0,1,Active
1081,1401,Vehicle,3332500,0,0,Active
1085,2969,Vehicle,524179,7,2,Paid
1086,2249,Vehicle,1576584,15,1,Defaulted
1091,2092,Vehicle,2613031,13,1,Defaulted
1096,1489,Vehicle,4613967,9,0,Paid
1098,2121,Vehicle,3416180,7,0,Paid
1099,2512,Vehicle,4176374,7,2,Defaulted
1101,1035,Vehicle,241472,13,1,Paid
1103,2640,Vehicle,216940,12,4,Defaulted
1112,1595,Vehicle,591693,11,5,Defaulted
1122,1015,Vehicle,348409,0,1,Unknown
1131,2808,Vehicle,2505323,11,3,Defaulted
1132,2217,Vehicle,4025532,12,5,Active
1139,1613,Vehicle,4816626,13,5,Paid
1142,1975,Vehicle,1411207,8,5,Defaulted
1143,2645,Vehicle,3544834,0,3,Paid
1151,2545,Vehicle,1615527,0,3,Active
1153,2338,Vehicle,4777494,8,1,Active
1155,2968,Vehicle,3180085,6,4,Active
1156,1081,Vehicle,4234124,14,3,Paid
1161,1184,Vehicle,2151467,13,3,Defaulted
1163,1118,Vehicle,3720630,5,2,Paid
1169,2469,Vehicle,3757035,6,1,Paid
1172,2379,Vehicle,2761442,13,4,Unknown
1173,1958,Vehicle,878743,8,5,Defaulted
1186,1955,Vehicle,4017642,6,2,Paid
1192,1796,Vehicle,3682453,15,3,Paid
1199,1556,Vehicle,97686,12,5,Defaulted
1,1976,Education,418655,12,6,Active
34,1840,Education,3926590,7,9,Active
43,2247,Education,4615620,10,2,Active
54,1463,Education,1910516,11,0,Unknown
145,2427,Education,2744075,0,7,Active
194,1856,Education,3365044,15,7,Active
232,2140,Education,4791411,8,7,Active
269,2584,Education,485686,14,3,Active
271,2401,Education,3702406,0,5,Active
297,1503,Education,540242,0,5,Unknown
311,1594,Education,648603,9,2,Unknown
327,1148,Education,2993474,10,10,Unknown
346,1596,Education,3772281,15,5,Active
374,2634,Education,3928824,10,4,Active
384,2684,Education,2783108,15,1,Active
387,1115,Education,3776338,0,4,Active
394,1755,Education,2677568,0,3,Active
495,2010,Education,192686,7,5,Active
505,2102,Education,4789155,14,1,Active
512,2854,Education,661585,12,8,Unknown
522,2508,Education,3022435,5,7,Active
574,2913,Education,95783,12,4,Active
578,1643,Education,4488297,5,8,Active
626,2042,Education,2289871,12,8,Active
631,2685,Education,4092375,13,0,Active
666,2840,Education,2472708,12,1,Active
670,1182,Education,4235040,5,8,Active
671,1587,Education,786701,14,10,Unknown
682,1382,Education,1153901,7,7,Active
685,2946,Education,105843,0,8,Active
699,2767,Education,3434647,11,0,Active
717,2887,Education,2638934,12,9,Active
807,2934,Education,1376990,10,7,Active
816,1212,Education,4821319,9,4,Active
834,2236,Education,741660,7,8,Active
851,1468,Education,190042,15,1,Active
852,2569,Education,754039,13,5,Active
865,1042,Education,1074523,12,5,Active
869,1576,Education,873795,7,9,Active
879,2850,Education,4394930,13,8,Active
882,2017,Education,2511803,10,6,Unknown
883,2129,Education,4579898,14,0,Active
885,2001,Education,3498113,13,4,Unknown
891,1607,Education,3098843,10,0,Active
910,2257,Education,3804492,10,3,Active
915,2690,Education,2863201,8,3,Unknown
933,1828,Education,2153507,11,2,Active
987,1199,Education,1720913,9,0,Active
1021,2620,Education,518979,6,2,Active
1026,1694,Education,423902,14,10,Active
1044,2530,Education,4658627,11,5,Active
1071,1500,Education,4500874,9,1,Active
1109,1019,Education,4475693,13,1,Unknown
1119,2429,Education,3116972,10,1,Unknown
1129,1826,Education,882803,10,6,Active
1136,2229,Education,2687766,5,1,Active
1187,2489,Education,920975,15,3,Active
1193,2678,Education,2985726,8,5,Unknown
4,1472,Education,3290085,11,4,Defaulted
8,2690,Education,1481265,9,3,Defaulted
27,1787,Education,1281281,14,3,Defaulted
50,1585,Education,3929232,10,10,Defaulted
67,1960,Education,1204942,9,5,Defaulted
69,1899,Education,4763210,10,2,Defaulted
82,2731,Education,2635948,6,7,Defaulted
90,1992,Education,1308722,11,7,Defaulted
104,1679,Education,2471797,5,4,Defaulted
106,1959,Education,942018,13,2,Defaulted
111,2574,Education,2448127,11,5,Defaulted
117,2849,Education,4836427,12,8,Defaulted
133,2359,Education,2021702,13,8,Defaulted
168,2027,Education,969117,12,6,Defaulted
231,1290,Education,561911,10,6,Defaulted
277,1760,Education,1746701,8,5,Defaulted
281,1216,Education,2294538,12,5,Defaulted
288,2034,Education,1274653,12,2,Defaulted
292,2522,Education,3163242,5,8,Defaulted
308,2628,Education,1184011,0,2,Defaulted
378,1603,Education,2316956,6,1,Defaulted
391,2104,Education,2139096,5,4,Defaulted
395,2401,Education,4369492,6,6,Defaulted
409,1349,Education,1267484,7,8,Defaulted
448,2780,Education,2679495,15,10,Defaulted
458,1796,Education,4963716,15,10,Defaulted
463,1187,Education,3636275,6,5,Defaulted
469,1774,Education,4234886,6,6,Defaulted
475,1987,Education,2445850,6,0,Defaulted
484,1447,Education,623290,9,2,Defaulted
528,3000,Education,2056342,8,8,Defaulted
556,2969,Education,1446727,13,0,Defaulted
580,1946,Education,4766270,0,0,Defaulted
584,1064,Education,1078938,12,10,Defaulted
592,1312,Education,3979760,12,8,Defaulted
596,2126,Education,3043919,9,9,Defaulted
635,2820,Education,2324554,11,4,Defaulted
640,1280,Education,2470428,14,6,Defaulted
668,1784,Education,3471744,5,6,Defaulted
669,1679,Education,358498,9,1,Defaulted
694,2317,Education,266227,6,2,Defaulted
698,2542,Education,4663054,9,6,Defaulted
707,2753,Education,3865924,14,4,Defaulted
726,2305,Education,4477019,0,7,Defaulted
733,2225,Education,569118,14,8,Defaulted
744,2869,Education,4002585,9,9,Defaulted
754,2564,Education,4441690,6,9,Defaulted
761,1383,Education,3559925,14,10,Defaulted
784,1237,Education,3260605,9,4,Defaulted
797,1183,Education,1863693,7,1,Defaulted
854,2054,Education,1230862,10,2,Defaulted
893,2862,Education,3432124,9,7,Defaulted
895,2683,Education,1857874,0,0,Defaulted
919,2031,Education,4265174,5,8,Defaulted
924,1369,Education,96288,12,0,Defaulted
945,1564,Education,2322772,0,1,Defaulted
947,1293,Education,4559530,7,5,Defaulted
951,1378,Education,838221,14,7,Defaulted
955,2210,Education,3847081,5,4,Defaulted
992,2569,Education,1945671,9,6,Defaulted
1010,2188,Education,4786001,0,0,Defaulted
1025,1222,Education,4060378,0,6,Defaulted
1027,1162,Education,2491379,10,10,Defaulted
1030,1857,Education,2626916,0,2,Defaulted
1048,2490,Education,2746200,0,4,Defaulted
1067,1974,Education,1972448,8,9,Defaulted
1125,2391,Education,4009142,5,2,Defaulted
1135,1933,Education,2009825,11,8,Defaulted
1140,2227,Education,3123046,11,3,Defaulted
1154,1151,Education,328221,9,1,Defaulted
1164,2782,Education,972086,12,6,Defaulted
1189,2978,Education,108959,11,8,Defaulted
1190,1942,Education,4253238,8,3,Defaulted
39,2940,Education,3305595,6,8,Paid
52,1482,Education,440554,5,0,Paid
60,1783,Education,2699654,6,6,Paid
63,2721,Education,3535024,14,8,Paid
72,2464,Education,3424781,0,0,Paid
91,1656,Education,1767224,5,5,Paid
93,2307,Education,2176647,6,7,Paid
99,2216,Education,392589,0,8,Paid
129,2796,Education,1164436,6,1,Paid
134,1492,Education,1837646,12,7,Paid
140,2374,Education,3552240,12,10,Paid
154,1556,Education,1450487,9,6,Paid
174,1384,Education,2146976,5,2,Paid
177,2428,Education,2811348,11,1,Paid
178,2185,Education,3943961,10,4,Paid
179,2491,Education,1031253,10,2,Paid
183,1215,Education,2855125,8,1,Paid
184,2210,Education,1648932,9,8,Paid
186,1674,Education,3419814,7,6,Paid
234,2037,Education,3309575,8,1,Paid
236,1104,Education,2655999,9,6,Paid
252,1571,Education,1630218,14,6,Paid
279,2433,Education,766195,5,2,Paid
298,2268,Education,4825825,5,6,Paid
302,1731,Education,1041332,8,1,Paid
313,1332,Education,325940,15,9,Paid
314,1253,Education,4933255,15,4,Paid
326,2418,Education,3666219,12,6,Paid
379,2472,Education,3008084,10,4,Paid
405,1370,Education,836618,12,10,Paid
439,1260,Education,838932,10,10,Paid
457,2755,Education,1889885,0,10,Paid
466,1339,Education,2930761,12,5,Paid
470,1279,Education,892283,11,3,Paid
471,2516,Education,3155311,8,7,Paid
472,2821,Education,964526,0,2,Paid
507,1663,Education,215757,14,3,Paid
510,2258,Education,1904790,14,6,Paid
525,2047,Education,3233083,13,10,Paid
533,1565,Education,3340825,15,4,Paid
555,2916,Education,239056,9,9,Paid
567,2818,Education,2603401,11,8,Paid
568,2033,Education,3927791,6,5,Paid
572,2837,Education,4687811,14,2,Paid
573,1788,Education,626521,0,9,Paid
591,1830,Education,1263346,5,0,Paid
629,2319,Education,1616996,8,9,Paid
636,2540,Education,2080833,9,7,Paid
654,1287,Education,4282580,12,7,Paid
700,1544,Education,3902036,7,6,Paid
702,2249,Education,3738838,6,1,Paid
718,1553,Education,844080,14,8,Paid
736,2606,Education,4346125,5,5,Paid
750,2557,Education,2835110,10,0,Paid
752,1159,Education,2555675,11,0,Paid
783,2892,Education,2432253,12,1,Paid
794,2658,Education,2232963,8,5,Paid
798,1388,Education,1715774,14,8,Paid
802,2508,Education,2278576,14,9,Paid
836,2545,Education,697089,10,1,Paid
844,1417,Education,3600142,6,6,Paid
871,2199,Education,4921859,10,2,Paid
873,1985,Education,2775893,5,1,Paid
887,2419,Education,768572,9,10,Paid
909,1443,Education,3364133,5,2,Paid
936,1709,Education,3689780,15,9,Paid
967,2752,Education,4531489,15,7,Paid
969,2531,Education,3752446,0,10,Paid
978,2543,Education,1007481,12,5,Paid
989,1667,Education,2493758,9,9,Paid
1003,1319,Education,1021230,0,10,Paid
1053,2137,Education,3982015,5,6,Paid
1056,1836,Education,976030,15,3,Paid
1061,1619,Education,3510251,14,3,Paid
1073,1013,Education,110597,5,5,Paid
1074,2758,Education,332295,12,3,Paid
1079,1661,Education,455196,10,0,Paid
1144,1484,Education,1288379,12,8,Paid
1168,2650,Education,134305,6,10,Paid
1170,2721,Education,2554287,8,8,Paid
1176,1727,Education,3291639,12,2,Paid
1184,1402,Education,4513687,9,5,Paid
3,0,Vehicle,4514301,15,1,Defaulted
9,0,Home,1238361,5,2,Paid
35,0,Education,2712082,0,0,Paid
49,0,Personal,3170987,12,15,Paid
75,0,Personal,1953137,9,13,Defaulted
77,0,Home,2318631,10,2,Defaulted
87,0,Education,3790959,5,2,Defaulted
97,0,Unknown,4019149,9,6,Active
103,0,Home,2958316,15,20,Defaulted
126,0,Vehicle,263845,7,0,Defaulted
141,0,Home,1903710,12,11,Active
155,0,Education,3819735,13,9,Unknown
163,0,Education,2794119,0,7,Paid
165,0,Education,3016562,0,4,Paid
182,0,Personal,3052338,11,16,Paid
189,0,Home,1452380,13,5,Active
192,0,Home,4621585,10,2,Unknown
200,0,Unknown,1379965,0,8,Active
204,0,Home,3642499,11,4,Paid
205,0,Home,1534890,6,19,Defaulted
215,0,Unknown,1892778,6,11,Paid
220,0,Vehicle,1827035,15,4,Defaulted
224,0,Home,3710328,6,18,Defaulted
225,0,Personal,1251463,13,10,Defaulted
245,0,Education,935460,14,1,Paid
249,0,Home,3407396,5,0,Paid
251,0,Home,4981953,9,2,Active
253,0,Unknown,3596774,12,1,Active
256,0,Unknown,4546460,8,2,Defaulted
267,0,Education,671528,10,2,Defaulted
274,0,Home,963181,5,0,Paid
301,0,Home,4977796,7,2,Paid
315,0,Education,461306,9,6,Paid
345,0,Education,4305347,8,0,Defaulted
393,0,Home,2397696,12,3,Unknown
401,0,Vehicle,4097408,15,4,Paid
402,0,Home,2346568,0,13,Paid
420,0,Home,4594570,13,5,Defaulted
436,0,Education,427712,12,9,Paid
441,0,Education,3819869,13,1,Paid
442,0,Personal,2363836,14,5,Paid
455,0,Education,4456976,9,0,Active
462,0,Personal,892713,6,13,Defaulted
474,0,Vehicle,4764595,12,3,Active
483,0,Education,3930503,12,2,Defaulted
489,0,Vehicle,3693893,6,2,Paid
491,0,Personal,2761536,13,0,Active
534,0,Vehicle,4348404,14,4,Defaulted
538,0,Home,4062079,13,11,Active
544,0,Personal,2765785,7,8,Active
546,0,Personal,846200,12,13,Active
550,0,Education,4316709,15,7,Paid
551,0,Home,1694238,7,8,Paid
558,0,Vehicle,3699273,15,2,Defaulted
570,0,Home,2350010,14,7,Defaulted
581,0,Vehicle,3393841,9,0,Paid
585,0,Vehicle,1910106,9,4,Paid
586,0,Home,4517919,9,18,Defaulted
594,0,Vehicle,2450051,0,5,Active
618,0,Vehicle,3042450,9,3,Active
621,0,Vehicle,2063958,5,4,Defaulted
623,0,Personal,4736369,10,18,Paid
624,0,Personal,682278,10,5,Active
633,0,Unknown,3739455,12,3,Defaulted
648,0,Personal,4743571,11,9,Unknown
662,0,Vehicle,4328277,8,4,Paid
665,0,Education,715912,6,4,Active
667,0,Education,699500,0,2,Defaulted
691,0,Vehicle,364379,13,3,Defaulted
693,0,Home,1728501,15,12,Active
695,0,Education,1602474,13,1,Paid
697,0,Personal,1629392,7,1,Defaulted
730,0,Home,418842,15,18,Active
738,0,Personal,2831684,9,20,Active
753,0,Education,4358075,5,9,Active
772,0,Vehicle,2684031,8,1,Active
779,0,Home,4265487,11,4,Defaulted
780,0,Vehicle,4933365,8,3,Paid
813,0,Vehicle,4116812,6,1,Paid
823,0,Vehicle,2331877,12,2,Active
825,0,Vehicle,3278649,6,0,Active
829,0,Home,378097,0,5,Active
833,0,Personal,2031647,15,7,Paid
850,0,Personal,2043018,8,15,Defaulted
866,0,Vehicle,2590982,5,0,Paid
876,0,Personal,4831378,8,19,Active
901,0,Personal,1528939,0,5,Active
920,0,Vehicle,3877509,0,1,Active
932,0,Vehicle,4453850,7,3,Defaulted
976,0,Home,2665302,10,5,Defaulted
998,0,Home,2201190,0,7,Defaulted
999,0,Education,4294188,14,0,Active
1002,0,Personal,1548573,13,17,Active
1007,0,Home,1314698,14,4,Defaulted
1023,0,Unknown,3013897,5,0,Active
1029,0,Vehicle,2399537,6,3,Active
1031,0,Home,291509,5,4,Unknown
1032,0,Vehicle,2411521,9,1,Defaulted
1046,0,Personal,3102780,5,12,Active
1047,0,Personal,3575217,9,19,Defaulted
1049,0,Personal,901060,14,0,Unknown
1054,0,Personal,773782,15,3,Active
1063,0,Unknown,388712,0,14,Defaulted
1092,0,Education,3776031,12,1,Active
1094,0,Home,4637022,14,2,Paid
1111,0,Personal,1823402,13,10,Defaulted
1116,0,Home,1328766,11,2,Active
1117,0,Personal,2040587,5,6,Defaulted
1137,0,Vehicle,3647582,11,5,Paid
1152,0,Education,3281459,14,6,Paid
1175,0,Home,2230935,12,19,Defaulted
1177,0,Education,4243732,8,8,Active
1180,0,Education,2601493,11,10,Defaulted
1185,0,Education,4132699,7,0,Active
1188,0,Home,3393261,8,4,Defaulted
1194,0,Vehicle,2700762,6,5,Active
